id,created_at,updated_at,status,company,focal
1,2019-12-03 15:55:28,2019-12-03 15:55:28,1,1,1
2,2019-12-03 15:55:28,2019-12-03 15:55:28,1,1,2
3,2019-12-03 15:55:28,2019-12-03 15:55:28,1,2,3
4,2019-12-03 15:55:28,2019-12-03 15:55:28,1,2,4
5,2019-12-03 15:55:28,2019-12-03 15:55:28,1,2,5
6,2019-12-03 15:55:28,2019-12-03 15:55:28,1,3,6
7,2019-12-03 15:55:28,2019-12-03 15:55:28,1,3,7
8,2019-12-03 15:55:28,2019-12-03 15:55:28,1,4,8
9,2019-12-03 15:55:28,2019-12-03 15:55:28,1,4,9
10,2019-12-03 15:55:28,2019-12-03 15:55:28,1,5,10
11,2019-12-03 15:55:28,2019-12-03 15:55:28,1,6,11
12,2019-12-03 15:55:28,2019-12-03 15:55:28,1,6,12
13,2019-12-03 15:55:28,2019-12-03 15:55:28,1,6,13
14,2019-12-03 15:55:28,2019-12-03 15:55:28,1,7,14
15,2019-12-03 15:55:28,2019-12-03 15:55:28,1,8,15
16,2019-12-03 15:55:28,2019-12-03 15:55:28,1,9,16
17,2019-12-03 15:55:28,2019-12-03 15:55:28,1,9,17
18,2019-12-03 15:55:28,2019-12-03 15:55:28,1,10,18
19,2019-12-03 15:55:28,2019-12-03 15:55:28,1,11,19
20,2019-12-03 15:55:28,2019-12-03 15:55:28,1,12,20
21,2019-12-03 15:55:28,2019-12-03 15:55:28,1,13,21
22,2019-12-03 15:55:28,2019-12-03 15:55:28,1,14,22
23,2019-12-03 15:55:28,2019-12-03 15:55:28,1,15,23
24,2019-12-03 15:55:28,2019-12-03 15:55:28,1,16,24
25,2019-12-03 15:55:28,2019-12-03 15:55:28,1,17,25
26,2019-12-03 15:55:28,2019-12-03 15:55:28,1,18,26
27,2019-12-03 15:55:28,2019-12-03 15:55:28,1,19,27
28,2019-12-03 15:55:28,2019-12-03 15:55:28,1,19,28
29,2019-12-03 15:55:28,2019-12-03 15:55:28,1,20,29
30,2019-12-03 15:55:28,2019-12-03 15:55:28,1,21,30
32,2019-12-03 15:55:28,2019-12-03 15:55:28,1,22,32
33,2019-12-03 15:55:28,2019-12-03 15:55:28,1,23,33
34,2019-12-03 15:55:28,2019-12-03 15:55:28,1,23,34
35,2019-12-03 15:55:28,2019-12-03 15:55:28,1,24,35
36,2019-12-03 15:55:28,2019-12-03 15:55:28,1,24,36
37,2019-12-03 15:55:28,2019-12-03 15:55:28,1,25,37
38,2019-12-03 15:55:28,2019-12-03 15:55:28,1,25,38
39,2019-12-03 15:55:28,2019-12-03 15:55:28,1,26,39
40,2019-12-03 15:55:28,2019-12-03 15:55:28,1,26,40
41,2019-12-03 15:55:28,2019-12-03 15:55:28,1,27,41
42,2019-12-03 15:55:28,2019-12-03 15:55:28,1,27,42
43,2019-12-03 15:55:28,2019-12-03 15:55:28,1,27,43
44,2019-12-03 15:55:28,2019-12-03 15:55:28,1,28,44
45,2019-12-03 15:55:28,2019-12-03 15:55:28,1,29,45
46,2019-12-03 15:55:28,2019-12-03 15:55:28,1,30,46
47,2019-12-03 15:55:28,2019-12-03 15:55:28,1,31,47
48,2019-12-03 15:55:28,2019-12-03 15:55:28,1,32,48
49,2019-12-03 15:55:28,2019-12-03 15:55:28,1,33,49
50,2019-12-03 15:55:28,2019-12-03 15:55:28,1,34,50
51,2019-12-03 15:55:28,2019-12-03 15:55:28,1,35,51
52,2019-12-03 15:55:28,2019-12-03 15:55:28,1,35,52
54,2019-12-03 15:55:28,2019-12-03 15:55:28,1,37,54
55,2019-12-03 15:55:28,2019-12-03 15:55:28,1,38,55
56,2019-12-03 15:55:28,2019-12-03 15:55:28,1,38,56
57,2019-12-03 15:55:28,2019-12-03 15:55:28,1,39,57
58,2019-12-03 15:55:28,2019-12-03 15:55:28,1,39,58
59,2019-12-03 15:55:28,2019-12-03 15:55:28,1,40,59
60,2019-12-03 15:55:28,2019-12-03 15:55:28,1,41,60
61,2019-12-03 15:55:28,2019-12-03 15:55:28,1,42,61
62,2019-12-03 15:55:28,2019-12-03 15:55:28,1,43,62
63,2019-12-03 15:55:28,2019-12-03 15:55:28,1,43,63
64,2019-12-03 15:55:28,2019-12-03 15:55:28,1,44,64
65,2019-12-03 15:55:28,2019-12-03 15:55:28,1,44,65
66,2019-12-03 15:55:28,2019-12-03 15:55:28,1,45,66
67,2019-12-03 15:55:28,2019-12-03 15:55:28,1,46,67
69,2019-12-03 15:55:28,2019-12-03 15:55:28,1,47,69
71,2019-12-03 15:55:28,2019-12-03 15:55:28,1,49,71
72,2019-12-03 15:55:28,2019-12-03 15:55:28,1,49,72
74,2019-12-03 15:55:28,2019-12-03 15:55:28,1,50,74
75,2019-12-03 15:55:28,2019-12-03 15:55:28,1,51,75
76,2019-12-03 15:55:28,2019-12-03 15:55:28,1,51,76
77,2019-12-03 15:55:28,2019-12-03 15:55:28,1,52,77
78,2019-12-03 15:55:28,2019-12-03 15:55:28,1,53,78
79,2019-12-03 15:55:28,2019-12-03 15:55:28,1,53,79
80,2019-12-03 15:55:28,2019-12-03 15:55:28,1,54,80
81,2019-12-03 15:55:28,2019-12-03 15:55:28,1,54,81
82,2019-12-03 15:55:28,2019-12-03 15:55:28,1,55,82
83,2019-12-03 15:55:28,2019-12-03 15:55:28,1,56,83
84,2019-12-03 15:55:28,2019-12-03 15:55:28,1,57,84
85,2019-12-03 15:55:28,2019-12-03 15:55:28,1,58,85
86,2019-12-03 15:55:28,2019-12-03 15:55:28,1,58,86
87,2019-12-03 15:55:28,2019-12-03 15:55:28,1,59,87
88,2019-12-03 15:55:28,2019-12-03 15:55:28,1,60,88
89,2019-12-03 15:55:28,2019-12-03 15:55:28,1,60,89
90,2019-12-03 15:55:28,2019-12-03 15:55:28,1,61,90
91,2019-12-03 15:55:28,2019-12-03 15:55:28,1,62,91
92,2019-12-03 15:55:28,2019-12-03 15:55:28,1,62,92
93,2019-12-03 15:55:28,2019-12-03 15:55:28,1,63,93
94,2019-12-03 15:55:28,2019-12-03 15:55:28,1,63,94
95,2019-12-03 15:55:28,2019-12-03 15:55:28,1,63,95
96,2019-12-03 15:55:28,2019-12-03 15:55:28,1,64,96
97,2019-12-03 15:55:28,2019-12-03 15:55:28,1,65,97
98,2019-12-03 15:55:28,2019-12-03 15:55:28,1,65,98
99,2019-12-03 15:55:28,2019-12-03 15:55:28,1,66,99
100,2019-12-03 15:55:28,2019-12-03 15:55:28,1,67,100
101,2019-12-03 15:55:28,2019-12-03 15:55:28,1,68,101
102,2019-12-03 15:55:28,2019-12-03 15:55:28,1,69,102
103,2019-12-03 15:55:28,2019-12-03 15:55:28,1,69,103
104,2019-12-03 15:55:28,2019-12-03 15:55:28,1,70,104
105,2019-12-03 15:55:28,2019-12-03 15:55:28,1,71,105
106,2019-12-03 15:55:28,2019-12-03 15:55:28,1,71,106
107,2019-12-03 15:55:28,2019-12-03 15:55:28,1,72,107
108,2019-12-03 15:55:28,2019-12-03 15:55:28,1,73,108
109,2019-12-03 15:55:28,2019-12-03 15:55:28,1,74,109
110,2019-12-03 15:55:28,2019-12-03 15:55:28,1,74,110
111,2019-12-03 15:55:28,2019-12-03 15:55:28,1,75,111
112,2019-12-03 15:55:28,2019-12-03 15:55:28,1,75,112
113,2019-12-03 15:55:28,2019-12-03 15:55:28,1,76,113
114,2019-12-03 15:55:28,2019-12-03 15:55:28,1,77,114
115,2019-12-03 15:55:28,2019-12-03 15:55:28,1,77,115
117,2019-12-03 15:55:28,2019-12-03 15:55:28,1,79,117
118,2019-12-03 15:55:28,2019-12-03 15:55:28,1,80,118
119,2019-12-03 15:55:28,2019-12-03 15:55:28,1,81,119
120,2019-12-03 15:55:28,2019-12-03 15:55:28,1,82,120
121,2019-12-03 15:55:28,2019-12-03 15:55:28,1,82,121
122,2019-12-03 15:55:28,2019-12-03 15:55:28,1,82,122
123,2019-12-03 15:55:28,2019-12-03 15:55:28,1,83,123
124,2019-12-03 15:55:28,2019-12-03 15:55:28,1,84,124
125,2019-12-03 15:55:28,2019-12-03 15:55:28,1,85,125
126,2019-12-03 15:55:28,2019-12-03 15:55:28,1,86,126
127,2019-12-03 15:55:28,2019-12-03 15:55:28,1,86,127
128,2019-12-03 15:55:28,2019-12-03 15:55:28,1,86,128
130,2019-12-03 15:55:28,2019-12-03 15:55:28,1,88,130
132,2019-12-03 15:55:28,2019-12-03 15:55:28,1,89,132
133,2019-12-03 15:55:28,2019-12-03 15:55:28,1,89,133
134,2019-12-03 15:55:28,2019-12-03 15:55:28,1,90,134
135,2019-12-03 15:55:28,2019-12-03 15:55:28,1,91,135
136,2019-12-03 15:55:28,2019-12-03 15:55:28,1,92,136
137,2019-12-03 15:55:28,2019-12-03 15:55:28,1,93,137
138,2019-12-03 15:55:28,2019-12-03 15:55:28,1,93,138
139,2019-12-03 15:55:28,2019-12-03 15:55:28,1,94,139
140,2019-12-03 15:55:28,2019-12-03 15:55:28,1,95,140
141,2019-12-03 15:55:28,2019-12-03 15:55:28,1,96,141
142,2019-12-03 15:55:28,2019-12-03 15:55:28,1,97,142
143,2019-12-03 15:55:28,2019-12-03 15:55:28,1,98,143
144,2019-12-03 15:55:28,2019-12-03 15:55:28,1,98,144
146,2019-12-03 15:55:28,2019-12-03 15:55:28,1,99,146
147,2019-12-03 15:55:28,2019-12-03 15:55:28,1,100,147
148,2019-12-03 15:55:28,2019-12-03 15:55:28,1,100,148
149,2019-12-03 15:55:28,2019-12-03 15:55:28,1,101,149
150,2019-12-03 15:55:28,2019-12-03 15:55:28,1,102,150
151,2019-12-03 15:55:28,2019-12-03 15:55:28,1,103,151
152,2019-12-03 15:55:28,2019-12-03 15:55:28,1,104,152
153,2019-12-03 15:55:28,2019-12-03 15:55:28,1,105,153
154,2019-12-03 15:55:28,2019-12-03 15:55:28,1,105,154
157,2019-12-03 15:55:28,2019-12-03 15:55:28,1,107,157
158,2019-12-03 15:55:28,2019-12-03 15:55:28,1,107,158
159,2019-12-03 15:55:28,2019-12-03 15:55:28,1,108,159
160,2019-12-03 15:55:28,2019-12-03 15:55:28,1,109,160
161,2019-12-03 15:55:28,2019-12-03 15:55:28,1,110,161
162,2019-12-03 15:55:28,2019-12-03 15:55:28,1,111,162
163,2019-12-03 15:55:28,2019-12-03 15:55:28,1,112,163
164,2019-12-03 15:55:28,2019-12-03 15:55:28,1,112,164
165,2019-12-03 15:55:28,2019-12-03 15:55:28,1,113,165
166,2019-12-03 15:55:28,2019-12-03 15:55:28,1,114,166
167,2019-12-03 15:55:28,2019-12-03 15:55:28,1,115,167
168,2019-12-03 15:55:28,2019-12-03 15:55:28,1,115,168
169,2019-12-03 15:55:28,2019-12-03 15:55:28,1,116,169
170,2019-12-03 15:55:28,2019-12-03 15:55:28,1,117,170
171,2019-12-03 15:55:28,2019-12-03 15:55:28,1,117,171
172,2019-12-03 15:55:28,2019-12-03 15:55:28,1,117,172
173,2019-12-03 15:55:28,2019-12-03 15:55:28,1,118,173
174,2019-12-03 15:55:28,2019-12-03 15:55:28,1,119,174
175,2019-12-03 15:55:28,2019-12-03 15:55:28,1,119,175
176,2019-12-03 15:55:28,2019-12-03 15:55:28,1,119,176
177,2019-12-03 15:55:28,2019-12-03 15:55:28,1,120,177
178,2019-12-03 15:55:28,2019-12-03 15:55:28,1,120,178
179,2019-12-03 15:55:28,2019-12-03 15:55:28,1,121,179
180,2019-12-03 15:55:28,2019-12-03 15:55:28,1,121,180
181,2019-12-03 15:55:28,2019-12-03 15:55:28,1,122,181
182,2019-12-03 15:55:28,2019-12-03 15:55:28,1,122,182
183,2019-12-03 15:55:28,2019-12-03 15:55:28,1,123,183
184,2019-12-03 15:55:28,2019-12-03 15:55:28,1,124,184
185,2019-12-03 15:55:28,2019-12-03 15:55:28,1,125,185
186,2019-12-03 15:55:28,2019-12-03 15:55:28,1,125,186
187,2019-12-03 15:55:28,2019-12-03 15:55:28,1,126,187
188,2019-12-03 15:55:28,2019-12-03 15:55:28,1,127,188
189,2019-12-03 15:55:28,2019-12-03 15:55:28,1,127,189
190,2019-12-03 15:55:28,2019-12-03 15:55:28,1,128,190
191,2019-12-03 15:55:28,2019-12-03 15:55:28,1,129,191
192,2019-12-03 15:55:28,2019-12-03 15:55:28,1,130,192
193,2019-12-03 15:55:28,2019-12-03 15:55:28,1,130,193
194,2019-12-03 15:55:28,2019-12-03 15:55:28,1,132,194
195,2019-12-03 15:55:28,2019-12-03 15:55:28,1,132,195
197,2019-12-03 15:55:28,2019-12-03 15:55:28,1,133,197
198,2019-12-03 15:55:28,2019-12-03 15:55:28,1,134,198
199,2019-12-03 15:55:28,2019-12-03 15:55:28,1,135,199
200,2019-12-03 15:55:28,2019-12-03 15:55:28,1,136,200
201,2019-12-03 15:55:28,2019-12-03 15:55:28,1,137,201
202,2019-12-03 15:55:28,2019-12-03 15:55:28,1,138,202
203,2019-12-03 15:55:28,2019-12-03 15:55:28,1,139,203
204,2019-12-03 15:55:28,2019-12-03 15:55:28,1,140,204
205,2019-12-03 15:55:28,2019-12-03 15:55:28,1,141,205
206,2019-12-03 15:55:28,2019-12-03 15:55:28,1,142,206
207,2019-12-03 15:55:28,2019-12-03 15:55:28,1,143,207
208,2019-12-03 15:55:28,2019-12-03 15:55:28,1,143,208
209,2019-12-03 15:55:28,2019-12-03 15:55:28,1,144,209
210,2019-12-03 15:55:28,2019-12-03 15:55:28,1,145,210
211,2019-12-03 15:55:28,2019-12-03 15:55:28,1,146,211
212,2019-12-03 15:55:28,2019-12-03 15:55:28,1,146,212
213,2019-12-03 15:55:28,2019-12-03 15:55:28,1,147,213
214,2019-12-03 15:55:28,2019-12-03 15:55:28,1,147,214
215,2019-12-03 15:55:28,2019-12-03 15:55:28,1,147,215
216,2019-12-03 15:55:28,2019-12-03 15:55:28,1,148,216
217,2019-12-03 15:55:28,2019-12-03 15:55:28,1,149,217
218,2019-12-03 15:55:28,2019-12-03 15:55:28,1,149,218
219,2019-12-03 15:55:28,2019-12-03 15:55:28,1,149,219
220,2019-12-03 15:55:28,2019-12-03 15:55:28,1,150,220
221,2019-12-03 15:55:28,2019-12-03 15:55:28,1,150,221
222,2019-12-03 15:55:28,2020-01-09 11:53:24,1,151,408
223,2019-12-03 15:55:28,2019-12-03 15:55:28,1,152,223
225,2019-12-03 15:55:28,2019-12-03 15:55:28,1,153,225
226,2019-12-03 15:55:28,2019-12-03 15:55:28,1,154,226
227,2019-12-03 15:55:28,2019-12-03 15:55:28,1,155,227
228,2019-12-03 15:55:28,2019-12-03 15:55:28,1,156,228
229,2019-12-03 15:55:28,2019-12-03 15:55:28,1,156,229
230,2019-12-03 15:55:28,2019-12-03 15:55:28,1,157,230
231,2019-12-03 15:55:28,2019-12-03 15:55:28,1,158,231
232,2019-12-03 15:55:28,2019-12-03 15:55:28,1,158,232
233,2019-12-03 15:55:28,2019-12-03 15:55:28,1,158,233
234,2019-12-03 15:55:28,2019-12-03 15:55:28,1,159,234
235,2019-12-03 15:55:28,2019-12-03 15:55:28,1,160,235
236,2019-12-03 15:55:28,2019-12-03 15:55:28,1,161,236
237,2019-12-03 15:55:28,2019-12-03 15:55:28,1,162,237
238,2019-12-03 15:55:28,2019-12-03 15:55:28,1,162,238
239,2019-12-03 15:55:28,2020-01-09 11:47:49,1,163,407
240,2019-12-03 15:55:28,2019-12-03 15:55:28,1,164,240
242,2019-12-03 15:55:28,2019-12-03 15:55:28,1,166,242
243,2019-12-03 15:55:28,2019-12-03 15:55:28,1,166,243
244,2019-12-03 15:55:28,2019-12-03 15:55:28,1,167,244
245,2019-12-03 15:55:28,2019-12-03 15:55:28,1,168,245
246,2019-12-03 15:55:28,2019-12-03 15:55:28,1,168,246
247,2019-12-03 15:55:28,2019-12-03 15:55:28,1,168,247
248,2019-12-03 15:55:28,2019-12-03 15:55:28,1,169,248
249,2019-12-03 15:55:28,2019-12-03 15:55:28,1,170,249
250,2019-12-03 15:55:28,2019-12-03 15:55:28,1,170,250
251,2019-12-03 15:55:28,2019-12-03 15:55:28,1,170,251
252,2019-12-03 15:55:28,2019-12-03 15:55:28,1,171,252
253,2019-12-03 15:55:28,2019-12-03 15:55:28,1,172,253
254,2019-12-03 15:55:28,2019-12-03 15:55:28,1,172,254
255,2019-12-03 15:55:28,2019-12-03 15:55:28,1,173,255
256,2019-12-03 15:55:28,2019-12-03 15:55:28,1,173,256
257,2019-12-03 15:55:28,2019-12-03 15:55:28,1,174,257
258,2019-12-03 15:55:28,2019-12-03 15:55:28,1,174,258
259,2019-12-03 15:55:28,2019-12-03 15:55:28,1,174,259
260,2019-12-03 15:55:28,2019-12-03 15:55:28,1,175,260
261,2019-12-03 15:55:28,2019-12-03 15:55:28,1,176,261
262,2019-12-03 15:55:28,2019-12-03 15:55:28,1,177,262
263,2019-12-03 15:55:28,2019-12-03 15:55:28,1,177,263
264,2019-12-03 15:55:28,2019-12-03 15:55:28,1,178,264
265,2019-12-03 15:55:28,2019-12-03 15:55:28,1,179,265
266,2019-12-03 15:55:28,2019-12-03 15:55:28,1,180,266
267,2019-12-03 15:55:28,2019-12-03 15:55:28,1,181,267
268,2019-12-03 15:55:28,2019-12-03 15:55:28,1,182,268
269,2019-12-03 15:55:28,2019-12-03 15:55:28,1,183,269
270,2019-12-03 15:55:28,2019-12-03 15:55:28,1,184,270
271,2019-12-03 15:55:28,2019-12-03 15:55:28,1,185,271
272,2019-12-03 15:55:28,2019-12-03 15:55:28,1,186,272
273,2019-12-03 15:55:28,2019-12-03 15:55:28,1,186,273
274,2019-12-03 15:55:28,2019-12-03 15:55:28,1,187,274
275,2019-12-03 15:55:28,2019-12-03 15:55:28,1,188,275
276,2019-12-03 15:55:28,2019-12-03 15:55:28,1,188,276
277,2019-12-03 15:55:28,2019-12-03 15:55:28,1,189,277
278,2019-12-03 15:55:28,2019-12-03 15:55:28,1,190,278
279,2019-12-03 15:55:28,2019-12-03 15:55:28,1,191,279
280,2019-12-03 15:55:28,2019-12-03 15:55:28,1,192,280
281,2019-12-03 15:55:28,2019-12-03 15:55:28,1,193,281
282,2019-12-03 15:55:28,2019-12-03 15:55:28,1,194,282
283,2019-12-03 15:55:28,2019-12-03 15:55:28,1,195,283
284,2019-12-03 15:55:28,2019-12-03 15:55:28,1,196,284
285,2019-12-03 15:55:28,2019-12-03 15:55:28,1,197,285
286,2019-12-03 15:55:28,2019-12-03 15:55:28,1,197,286
287,2019-12-03 15:55:28,2019-12-03 15:55:28,1,198,287
288,2019-12-03 15:55:28,2019-12-03 15:55:28,1,199,288
289,2019-12-03 15:55:28,2019-12-03 15:55:28,1,200,289
290,2019-12-03 15:55:28,2019-12-03 15:55:28,1,201,290
292,2019-12-03 15:55:28,2019-12-03 15:55:28,1,203,292
293,2019-12-03 15:55:28,2019-12-03 15:55:28,1,204,293
294,2019-12-03 15:55:28,2019-12-03 15:55:28,1,205,294
295,2019-12-03 15:55:28,2019-12-03 15:55:28,1,206,295
296,2019-12-03 15:55:28,2019-12-03 15:55:28,1,207,296
297,2019-12-03 15:55:28,2019-12-03 15:55:28,1,208,297
300,2019-12-03 15:55:28,2019-12-03 15:55:28,1,209,300
301,2019-12-03 15:55:28,2019-12-03 15:55:28,1,210,301
302,2019-12-03 15:55:28,2019-12-03 15:55:28,1,211,302
303,2019-12-03 15:55:28,2019-12-03 15:55:28,1,212,303
304,2019-12-03 15:55:28,2019-12-03 15:55:28,1,212,304
305,2019-12-03 15:55:28,2019-12-03 15:55:28,1,213,305
306,2019-12-03 15:55:28,2019-12-03 15:55:28,1,214,306
307,2019-12-03 15:55:28,2019-12-03 15:55:28,1,214,307
308,2019-12-03 15:55:28,2019-12-03 15:55:28,1,215,308
309,2019-12-03 15:55:28,2019-12-03 15:55:28,1,215,309
310,2019-12-03 15:55:28,2019-12-03 15:55:28,1,216,310
311,2019-12-03 15:55:28,2019-12-03 15:55:28,1,217,311
312,2019-12-03 15:55:28,2019-12-03 15:55:28,1,217,312
313,2019-12-03 15:55:28,2019-12-03 15:55:28,1,218,313
314,2019-12-03 15:55:28,2019-12-03 15:55:28,1,219,314
315,2019-12-03 15:55:28,2019-12-03 15:55:28,1,219,315
316,2019-12-03 15:55:28,2019-12-03 15:55:28,1,219,316
317,2019-12-03 15:55:28,2019-12-03 15:55:28,1,219,317
318,2019-12-03 15:55:28,2019-12-03 15:55:28,1,220,318
319,2019-12-03 15:55:28,2019-12-03 15:55:28,1,221,319
320,2019-12-03 15:55:28,2019-12-03 15:55:28,1,221,320
321,2019-12-03 15:55:28,2019-12-03 15:55:28,1,222,321
322,2019-12-03 15:55:28,2019-12-03 15:55:28,1,223,322
323,2019-12-03 15:55:28,2019-12-03 15:55:28,1,223,323
324,2019-12-03 15:55:28,2019-12-03 15:55:28,1,224,324
325,2019-12-03 15:55:28,2019-12-03 15:55:28,1,225,325
326,2019-12-03 15:55:28,2019-12-03 15:55:28,1,226,326
327,2019-12-03 15:55:28,2019-12-03 15:55:28,1,227,327
328,2019-12-03 15:55:28,2019-12-03 15:55:28,1,227,328
329,2019-12-03 15:55:28,2019-12-03 15:55:28,1,228,329
330,2019-12-03 15:55:28,2019-12-03 15:55:28,1,229,330
331,2019-12-03 15:55:28,2019-12-03 15:55:28,1,229,331
332,2019-12-03 15:55:28,2019-12-03 15:55:28,1,230,332
333,2019-12-03 15:55:28,2019-12-03 15:55:28,1,231,333
334,2019-12-03 15:55:28,2019-12-03 15:55:28,1,232,334
335,2019-12-03 15:55:28,2019-12-03 15:55:28,1,232,335
336,2019-12-03 15:55:28,2019-12-03 15:55:28,1,233,336
337,2019-12-03 15:55:28,2019-12-03 15:55:28,1,233,337
338,2019-12-03 15:55:28,2019-12-03 15:55:28,1,233,338
339,2019-12-03 15:55:28,2019-12-03 15:55:28,1,234,339
341,2019-12-03 15:55:28,2019-12-03 15:55:28,1,237,341
342,2019-12-03 15:55:28,2019-12-03 15:55:28,1,238,342
343,2019-12-03 15:55:28,2019-12-03 15:55:28,1,239,343
344,2019-12-03 15:55:28,2019-12-03 15:55:28,1,240,344
345,2019-12-03 15:55:28,2019-12-03 15:55:28,1,241,345
346,2019-12-03 15:55:28,2019-12-03 15:55:28,1,242,346
347,2019-12-03 15:55:28,2019-12-03 15:55:28,1,242,347
348,2019-12-03 15:55:28,2019-12-03 15:55:28,1,242,348
349,2019-12-03 15:55:28,2019-12-03 15:55:28,1,243,349
350,2019-12-03 15:55:28,2019-12-03 15:55:28,1,244,350
351,2019-12-03 15:55:28,2019-12-03 15:55:28,1,245,351
352,2019-12-03 15:55:28,2019-12-03 15:55:28,1,245,352
353,2019-12-03 15:55:28,2019-12-03 15:55:28,1,246,353
354,2019-12-03 15:55:28,2019-12-03 15:55:28,1,246,354
355,2019-12-03 15:55:28,2019-12-03 15:55:28,1,247,355
356,2019-12-03 15:55:28,2019-12-03 15:55:28,1,247,356
357,2019-12-03 15:55:28,2019-12-03 15:55:28,1,248,357
358,2019-12-03 15:55:28,2019-12-03 15:55:28,1,248,358
359,2019-12-03 15:55:28,2019-12-03 15:55:28,1,248,359
360,2019-12-03 15:55:28,2019-12-03 15:55:28,1,249,360
361,2019-12-03 15:55:28,2019-12-03 15:55:28,1,249,361
362,2019-12-03 15:55:28,2019-12-03 15:55:28,1,250,362
363,2019-12-03 15:55:28,2019-12-03 15:55:28,1,250,363
364,2019-12-03 15:55:28,2019-12-03 15:55:28,1,250,364
365,2019-12-03 15:55:28,2019-12-03 15:55:28,1,251,365
366,2019-12-03 15:55:28,2019-12-03 15:55:28,1,252,366
367,2019-12-03 15:55:28,2019-12-03 15:55:28,1,253,367
368,2019-12-03 15:55:28,2019-12-03 15:55:28,1,254,368
369,2019-12-03 15:55:28,2019-12-03 15:55:28,1,255,369
370,2019-12-03 15:55:28,2019-12-03 15:55:28,1,255,370
371,2019-12-03 15:55:28,2019-12-03 15:55:28,1,256,371
372,2019-12-03 15:55:28,2019-12-03 15:55:28,1,257,372
373,2019-12-03 15:55:28,2019-12-03 15:55:28,1,258,373
374,2019-12-03 15:55:28,2019-12-03 15:55:28,1,259,374
375,2019-12-03 15:55:28,2019-12-03 15:55:28,1,260,375
376,2019-12-03 15:55:28,2019-12-03 15:55:28,1,260,376
377,2019-12-03 15:55:28,2019-12-03 15:55:28,1,261,377
378,2019-12-03 15:55:28,2019-12-03 15:55:28,1,262,378
379,2019-12-03 15:55:28,2019-12-03 15:55:28,1,263,379
380,2019-12-03 15:55:28,2019-12-03 15:55:28,1,264,380
381,2019-12-03 15:55:28,2019-12-03 15:55:28,1,265,381
382,2019-12-03 15:55:28,2019-12-03 15:55:28,1,266,382
383,2019-12-03 15:55:28,2019-12-03 15:55:28,1,267,383
384,2019-12-03 15:55:28,2019-12-03 15:55:28,1,267,384
385,2019-12-03 15:55:28,2019-12-03 15:55:28,1,268,385
386,2019-12-03 15:55:28,2019-12-03 15:55:28,1,269,386
387,2019-12-03 15:55:28,2019-12-03 15:55:28,1,270,387
388,2019-12-03 15:55:28,2019-12-03 15:55:28,1,270,388
389,2019-12-03 15:55:28,2019-12-03 15:55:28,1,270,389
390,2019-12-03 15:55:28,2019-12-03 15:55:28,1,271,390
391,2019-12-03 15:55:28,2019-12-03 15:55:28,1,272,391
392,2019-12-03 15:55:28,2019-12-03 15:55:28,1,272,392
393,2019-12-03 15:55:28,2019-12-03 15:55:28,1,272,393
394,2019-12-03 15:55:28,2019-12-03 15:55:28,1,273,394
395,2019-12-09 11:57:23,2019-12-09 11:57:23,1,274,395
397,2019-12-17 13:46:40,2019-12-17 13:46:40,1,21,397
398,2019-12-17 13:46:40,2019-12-17 13:46:40,1,21,398
399,2019-12-17 14:46:33,2019-12-17 14:46:33,1,240,399
400,2019-12-18 09:52:17,2019-12-18 09:52:17,1,244,400
401,2019-12-26 13:20:48,2019-12-26 13:20:48,1,275,366
402,2019-12-26 13:47:37,2019-12-26 13:47:37,1,274,402
403,2019-12-27 09:23:08,2019-12-27 09:23:08,1,89,403
404,2019-12-27 09:29:22,2019-12-27 09:29:22,1,267,404
405,2020-01-07 15:54:06,2020-01-07 15:54:06,1,87,405
406,2020-01-08 08:44:17,2020-01-08 08:44:17,1,236,406
407,2020-01-09 11:53:24,2020-01-09 11:53:24,1,151,409
408,2020-01-09 12:13:26,2020-01-09 12:13:26,1,100,410
409,2020-01-09 13:25:02,2020-01-09 13:25:02,1,205,411
410,2020-01-10 11:49:04,2020-01-10 11:49:04,1,223,412
412,2020-01-13 14:21:12,2020-01-13 14:21:12,1,249,413
413,2020-01-13 15:32:36,2020-01-13 15:32:36,1,36,45
414,2020-01-13 15:33:07,2020-01-13 15:33:07,1,235,45
415,2020-01-16 15:30:07,2020-01-16 15:30:07,1,5,414
416,2020-01-21 08:35:09,2020-01-21 08:35:09,1,23,418
417,2020-01-21 08:35:09,2020-01-21 08:35:09,1,23,419
418,2020-01-21 08:35:09,2020-01-21 08:35:09,1,23,420
419,2020-01-22 12:30:54,2020-01-22 12:30:54,1,253,421
420,2020-01-27 17:50:00,2020-01-27 17:50:00,1,182,422
421,2020-01-29 09:09:52,2020-01-29 09:09:52,1,8,423
422,2020-02-14 10:08:56,2020-02-14 10:08:56,1,45,425
423,2020-02-14 11:27:12,2020-02-14 11:27:12,1,97,426
424,2020-02-14 12:12:03,2020-02-14 12:12:03,1,111,427
425,2020-02-14 12:22:12,2020-02-14 12:22:12,1,124,428
426,2020-02-14 12:25:39,2020-02-14 12:25:39,1,125,429
427,2020-02-14 13:20:03,2020-02-14 13:20:03,1,193,430
428,2020-02-14 13:25:31,2020-02-14 13:25:31,1,208,431
429,2020-02-14 13:36:58,2020-02-14 13:36:58,1,223,432
430,2020-04-27 14:06:38,2020-04-27 14:06:38,1,204,433
431,2020-04-27 15:13:02,2020-04-27 15:13:02,1,106,434
432,2020-04-27 17:43:23,2020-04-27 17:43:23,1,209,436
433,2020-04-27 17:44:55,2020-04-27 17:44:55,1,78,437
434,2020-04-28 11:58:18,2020-04-28 11:58:18,1,129,438
435,2020-04-28 17:18:19,2020-04-28 17:18:19,1,277,439
436,2020-04-28 17:20:05,2020-04-28 17:20:05,1,278,440
437,2020-04-28 17:20:05,2020-04-28 17:20:05,1,278,441
438,2020-04-28 17:20:39,2020-04-28 17:20:39,1,279,442
439,2020-04-28 17:21:16,2020-04-28 17:21:16,1,280,443
440,2020-04-28 17:23:06,2020-04-28 17:23:06,1,282,444
441,2020-04-28 17:23:14,2020-04-28 17:23:14,1,283,444
442,2020-05-05 11:21:54,2020-05-05 11:21:54,1,142,445
443,2020-05-06 10:53:17,2020-05-06 10:53:17,1,48,446
444,2020-05-08 11:15:13,2020-05-08 11:15:13,1,31,447
445,2020-05-08 11:15:23,2020-05-08 11:15:23,1,31,448
446,2020-05-08 17:11:41,2020-05-08 17:11:41,1,274,449
447,2020-05-11 11:24:41,2020-05-11 11:24:41,1,212,450
448,2020-05-11 11:24:41,2020-05-11 11:24:41,1,212,451
449,2020-05-12 14:39:50,2020-05-12 14:39:50,1,237,416
450,2020-05-12 15:39:18,2020-05-12 15:39:18,1,47,453
451,2020-05-12 16:00:49,2020-05-12 16:00:49,1,131,454
452,2020-05-20 14:47:27,2020-05-20 14:47:27,1,279,455
453,2020-06-22 15:26:13,2020-06-22 15:26:13,1,78,456
454,2020-06-22 16:41:03,2020-06-22 16:41:03,1,26,457
455,2020-06-22 16:55:21,2020-06-22 16:55:21,1,180,458
456,2020-06-22 16:57:50,2020-06-22 16:57:50,1,187,459
458,2020-06-22 17:39:52,2020-06-22 17:39:52,1,106,461
459,2020-06-22 17:58:58,2020-06-22 17:58:58,1,278,462
460,2020-06-23 12:43:18,2020-06-23 12:43:18,1,191,463
461,2020-06-23 13:04:53,2020-06-23 13:04:53,1,225,464
462,2020-06-23 13:19:16,2020-06-23 13:19:16,1,237,465
464,2020-06-23 13:25:30,2020-06-23 13:25:30,1,241,466
465,2020-06-23 13:31:32,2020-06-23 13:31:32,1,250,468
466,2020-06-23 13:55:30,2020-06-23 13:55:30,1,216,469
467,2020-06-23 13:55:48,2020-06-23 13:55:48,1,216,470
468,2020-06-23 13:56:01,2020-06-23 13:56:01,1,216,471
469,2020-06-23 13:56:17,2020-06-23 13:56:17,1,216,472
470,2020-06-24 15:38:40,2020-06-24 15:38:40,1,5,473
471,2020-06-25 13:50:48,2020-06-25 13:50:48,1,37,474
472,2020-06-25 14:30:46,2020-06-25 14:30:46,1,81,475
473,2020-06-25 15:25:17,2020-06-25 15:25:17,1,109,476
474,2020-06-25 17:18:16,2020-06-25 17:18:16,1,168,477
475,2020-06-25 19:01:12,2020-06-25 19:01:12,1,238,478
476,2020-06-25 19:06:25,2020-06-25 19:06:25,1,245,479
477,2020-06-25 19:15:07,2020-06-25 19:15:07,1,261,480
478,2020-08-07 14:53:00,2020-08-07 14:53:00,1,142,481
479,2020-08-24 16:11:31,2020-08-24 16:11:31,1,202,21
480,2020-08-28 10:09:53,2020-08-28 10:09:53,1,87,129
